[
          {
        "title": "alisha",
        "video": "https://mixdrop.is/e/r6v9ndxmsv8p49d",
        "description": "#onlyfan" 
    },
{
        "title": "jameliz", 
        "image": "https://i.postimg.cc/9FH7r0fx/jameliz__ONLYFANSISFREE_(1159).jpg",
        "description": "#onlyfan #jameliz #jellybrain " 
    }, {
        "title": "jameliz", 
        "image": "https://i.postimg.cc/SNRwYStM/jameliz__ONLYFANSISFREE_(1124).jpg",
        "description": "#onlyfan #jameliz #jellybrain " 
    }, {
        "title": "jameliz", 
        "image": "https://i.postimg.cc/Pq7McHQB/jameliz__ONLYFANSISFREE_(1080).jpg",
        "description": "#onlyfan #jameliz #jellybrain " 
    }, {
        "title": "jameliz", 
        "image": "https://i.postimg.cc/Gt4nRdWG/jameliz-ONLYFANSISFREE-1023.jpg",
        "description": "#onlyfan #jameliz #jellybrain " 
    }, {
        "title": "jameliz", 
        "image": "https://i.postimg.cc/yN7qdmqV/jameliz-ONLYFANSISFREE-1020.jpg",
        "description": "#onlyfan #jameliz #jellybrain " 
    }, {
        "title": "jameliz ", 
        "image": "https://i.postimg.cc/Pf7k4vD4/jameliz-ONLYFANSISFREE-102.jpg",
        "description": "#onlyfan #jameliz #jellybrain " 
    }, {
        "title": "jameliz", 
        "image": "https://i.postimg.cc/XYS6MMQB/jameliz-ONLYFANSISFREE-1019.jpg",
        "description": "#onlyfan #jameliz #jellybrain " 
    }, {
        "title": "jameliz", 
        "image": "https://i.postimg.cc/rmY7Q7Dm/jameliz-ONLYFANSISFREE-1016.jpg",
        "description": "#onlyfan #jameliz #jellybrain " 
    }, {
        "title": "jameliz", 
        "image": "https://i.postimg.cc/RF0j1vVy/jameliz-ONLYFANSISFREE-1015.jpg",
        "description": "#onlyfan #jameliz #jellybrain " 
    }, {
        "title": "jameliz", 
        "image": "https://i.postimg.cc/SQnKkh7g/jameliz-ONLYFANSISFREE-1014.jpg",
        "description": "#onlyfan #jameliz #jellybrain " 
    }, {
        "title": "jameliz", 
        "image": "https://i.postimg.cc/D09HKsd3/jameliz-ONLYFANSISFREE-1013.jpg",
        "description": "#onlyfan #jameliz #jellybrain " 
    }, {
        "title": "jameliz ", 
        "image": "https://i.postimg.cc/0y0kc2Py/jameliz-ONLYFANSISFREE-1010.jpg",
        "description": "#onlyfan #jameliz #jellybrain " 
    }, {
        "title": "jameliz", 
        "image": "https://i.postimg.cc/Gp3cNwmJ/jameliz-ONLYFANSISFREE-1009.jpg",
        "description": "#onlyfan #jameliz #jellybrain " 
    }, {
        "title": "jameliz    123", 
        "image": "https://i.postimg.cc/cCfyCXJL/jameliz-ONLYFANSISFREE-10.jpg",
        "description": "#onlyfan #jameliz #jellybrain " 
    }, {
        "title": "jameliz ", 
        "image": "https://i.postimg.cc/cCfyCXJL/jameliz-ONLYFANSISFREE-10.jpg",
        "description": "#onlyfan #jameliz #jellybrain " 
    }, {
        "title": "jameliz", 
        "image": "https://i.postimg.cc/tTwpYst2/jameliz-ONLYFANSISFREE-1008.jpg",
        "description": "#onlyfan #jameliz #jellybrain " 
    }, {
        "title": "jameliz", 
        "image": "https://i.postimg.cc/LsyHFCqd/jameliz-ONLYFANSISFREE-1007.jpg",
        "description": "#onlyfan #jameliz #jellybrain " 
    }, {
        "title": "jameliz", 
        "image": "https://i.postimg.cc/X7w4Y7Zk/jameliz-ONLYFANSISFREE-1005.jpg",
        "description": "#onlyfan #jameliz #jellybrain " 
    }, {
        "title": "jameliz", 
        "image": "https://i.postimg.cc/cL0Zgywy/jameliz-ONLYFANSISFREE-1004.jpg",
        "description": "#onlyfan #jameliz #jellybrain " 
    }, {
        "title": "jameliz", 
        "image": "https://i.postimg.cc/zfP1cyM8/jameliz-ONLYFANSISFREE-1002.jpg",
        "description": "#onlyfan #jameliz #jellybrain " 
    },
  {
        "title": "jameliz", 
        "image": "https://i.postimg.cc/cCfyCXJL/jameliz-ONLYFANSISFREE-10.jpg",
        "description": "#onlyfan #jameliz #jellybrain " 
    },

{
        "title": "jameliz", 
        "image": "https://i.postimg.cc/cCfyCXJL/jameliz-ONLYFANSISFREE-10.jpg",
        "description": "#onlyfan #jameliz #jellybrain "  
    },
     {
        "title": "jameliz", 
        "image": "https://i.postimg.cc/v8PJmwBN/jameliz-ONLYFANSISFREE-1317.jpg",
        "description": "#onlyfan #jameliz #jellybrain " 
    },
     {
        "title": "charli d'amelio", 
        "image": "https://i.postimg.cc/j5DtJc7Y/-5418243558101603789_121.jpg",
        "description": "#charlidamelio #charli #charliDamelio #braless #charlibikini #charliass" 
    },
     {
        "title": "charli D'amelio", 
        "image": "https://i.postimg.cc/y8T1qkHt/-5418243558101603784_121.jpg",
        "description": "#charlidamelio #charli #charliDamelio #charlibikini #charliass" 
    },
     {
        "title": "charli D'amelio ", 
        "image": "https://i.postimg.cc/nzzNPLF4/-5418243558101603770_121.jpg",
        "description": "#charlidamelio #charli #charliDamelio #charlibikini #charliass" 
    },
     {
        "title": "charli D'amelio", 
        "image": "https://i.postimg.cc/fyP2F72Z/-5972305497610633300_121.jpg",
        "description": "#charlidamelio #charli #charliDamelio #charlibikini #charliass" 
    },
     {
        "title": "charli D'amelio ", 
        "image": "https://i.postimg.cc/5tHwKdcH/-5974318729170895861_121.jpg",
        "description": "#charlidamelio #charli #charliDamelio #charlibikini #charliass" 
    },
     {
        "title": "charli D'amelio", 
        "image": "https://i.postimg.cc/Qtvsg7Q9/-5418243558101603788_121.jpg",
        "description": "#charlidamelio #charli #charliDamelio #charlibikini #charliass" 
    },
     {
        "title": "charli D'amelio", 
        "image": "https://i.postimg.cc/gc7gGDsb/-5974557297424319016_121.jpg",
        "description": "#charlidamelio #charli #charliDamelio #charlibikini #charliass" 
    },
     {
        "title": "charli D'amelio", 
        "image": "https://i.postimg.cc/VvJ4jrYh/-5974557297424319018_120.jpg",
        "description": "#charlidamelio #charli #charliDamelio #charlibikini #charliass" 
    },
     {
        "title": "charli D'amelio", 
        "image": "https://i.postimg.cc/VvJ4jrYh/-5974557297424319018_120.jpg",
        "description": "#charlidamelio #charli #charliDamelio #charlibikini #charliass" 
    },
     {
        "title": "charli D'amelio ", 
        "image": "https://i.postimg.cc/j5DtJc7Y/-5418243558101603789_121.jpg",
        "description": "#charlidamelio #charli #charliDamelio #charlibikini #charliass" 
    },
     {
        "title": "charli D'amelio", 
        "image": "https://i.postimg.cc/3RJtxfzY/-5974557297424319021_121.jpg",
        "description": "#charlidamelio #charli #charliDamelio #charlibikini #charliass" 
    },
     {
        "title": "charli D'amelio ", 
        "image": "https://i.postimg.cc/MGwshpDc/-5974557297424319026_121.jpg",
        "description": "#charlidamelio #charli #charliDamelio #charlibikini #charliass" 
    },
     {
        "title": "charli D'amelio", 
        "image": "https://i.postimg.cc/K4X7B0pK/-5974557297424319035_121.jpg",
        "description": "#charlidamelio #charli #charliDamelio #charlibikini #charliass" 
    },
     {
        "title": "charli D'amelio", 
        "image": "https://i.postimg.cc/YSBVM3pC/-5974557297424319036_121.jpg",
        "description": "#charlidamelio #charli #charliDamelio #charlibikini #charliass" 
    },
     {
        "title": "dixie D'amelio", 
        "image": "https://i.postimg.cc/dQhzRDSv/-6012605867238737719_121.jpg",
        "description": " #dixie #charlidamelio #charli #charliDamelio #charlibikini #charliass" 
    },
     
     {
        "title": "charli D'amelio", 
        "image": "https://i.postimg.cc/CKJ4XH5t/-5780508699306084468_121.jpg",
        "description": "#charlidamelio #charli #charliDamelio #charlibikini #charliass" 
    }, {
        "title": "random", 
        "image": "https://i.postimg.cc/gJD1MZbk/-6104974297194938272_121.jpg",
        "description": "#ass #gir #hotgirl #onlyfan" 
    }, {
        "title": "charli D'amelio and dixie", 
        "image": "https://i.postimg.cc/kXpG1V7c/4909145648394251426-121.jpg",
        "description": "#charlidamelio #charli #charliDamelio" 
    }, {
        "title": "charli D'amelio", 
        "image": "https://i.postimg.cc/DwRWZSDZ/-6048753093685920256_121.jpg",
        "description": "#charlidamelio #charli #charliDamelio" 
    }, {
        "title": "charli D'amelio", 
        "image": "https://i.postimg.cc/7PzKYzWC/-6030363461063663061_120.jpg",
        "description": "#charlidamelio #charli #charliDamelio" 
    }, {
        "title": "charli D'amelio", 
        "image": "https://i.postimg.cc/YSVxt2Nf/-6016995263685706035_121.jpg",
        "description": "#charlidamelio #charli #charliDamelio" 
    }, {
        "title": "charli D'amelio", 
        "image": "https://i.postimg.cc/wM5PtR0d/-5219701861551037004_121.jpg",
        "description": "#charlidamelio #charli #charliDamelio" 
    }, {
        "title": "charli D'amelio", 
        "image": "https://i.postimg.cc/3xtBbFdq/-6016995263685706051_121.jpg",
        "description": "#charlidamelio #charli #charliDamelio" 
    }, {
        "title": "charli D'amelio ", 
        "image": "https://i.postimg.cc/sx3GrbL4/-6016995263685706045_121.jpg",
        "description": "#charlidamelio #charli #charliDamelio" 
    }, {
        "title": "charli D'amelio", 
        "image": "https://i.postimg.cc/Dwv6gMys/-6016995263685706052_121.jpg",
        "description": "#charlidamelio #charli #charliDamelio" 
    },

    {
        "title": "charli D'amelio", 
        "image": "https://i.postimg.cc/sDDG0d7V/-6016995263685706033_121.jpg",
        "description": "#charlidamelio #charli #charliDamelio" 
    },

    {
        "title": "Dixie D'amelio", 
        "image": "https://i.postimg.cc/6p43D93N/4936132014541745297-121.jpg",
        "description": "Description about Ethiopia"
    },
    {
        "title": "charli D'amelio",
        "image": "https://i.postimg.cc/4dfXNZJy/5208541307428005515-121.jpg", 
        "description": "Description about Ethiopia #natty" 
    },
{
    "title": "charli D'amelio",
    "image": "https://i.postimg.cc/3wCKTWQz/5208541307428005517-121.jpg",
    "description": "Description about Ethiopia"
},
    { 
        "title": "Ethiopia",
        "image": "https://i.postimg.cc/DwSJnrxH/4936077167809377426-121.jpg",
        "description": "Description about Ethiopia" 
    },
    {
        "title": "Ethiopia",
        "image": "https://i.postimg.cc/DwSJnrxH/4936077167809377426-121.jpg",
        "description": "Description about Ethiopia" 
    },
    {
        "title": "charli", 
        "image": "https://i.postimg.cc/52J4k8Z8/-5413538687716809457_121.jpg",
        "description": "Description about Ethiopia" 
    },
    {
        "title": "charli",
        "image": "https://i.postimg.cc/nzzNPLF4/-5418243558101603770_121.jpg", 
        "description": "#charliD'amelio #charlidamelio #charli" 
    },
    {
        "title": "charli",
        "image": "https://i.postimg.cc/FHHqRRS2/-5233308395254177295_120.jpg",
        "description": "#charlidamelio #charliD'amelio #charli #charliass" 
    },
    {
        "title": "charli",
        "image": "https://i.postimg.cc/5tc0JZYQ/-5413538687716809455_121.jpg", 
        "description": "#charliD'amelio #charlidamelio #charliboobs"
    },

    {
        "title": "Another Post",
        "video": "https://dood.li/e/26z7r1smqxfr",
        "description": "Description about another post" 
    }
]
